<?xml version="1.0" encoding="utf-8"?>
<WorldMetaData xmlns:xsd="http://www.w3.org/2001/XMLSchema" xmlns:xsi="http://www.w3.org/2001/XMLSchema-instance">
  <Game>Assembly-CSharp</Game>
  <GameVersion>0.2.3010.15036</GameVersion>
  <DateTime>132782844083268157</DateTime>
  <DaysPast>1065</DaysPast>
  <WorldName>EkimEuropa1</WorldName>
  <OriginWorldSaveLocation>C:\Users\Ekim\Documents\My Games\Stationeers\saves\Europa 1 - 114 -  17 deds - save the cheerleader</OriginWorldSaveLocation>
  <IsOnAwayMission>false</IsOnAwayMission>
  <WorldTravelCount>0</WorldTravelCount>
  <WorldFileName>Europa 1 - 114 -  17 deds - save the cheerleader</WorldFileName>
  <WorkShopFileHandle>0</WorkShopFileHandle>
  <NumberOfRooms>133</NumberOfRooms>
  <NumberOfPipeNetworks>151</NumberOfPipeNetworks>
  <NumberOfCableNetworks>62</NumberOfCableNetworks>
  <NumberOfThings>14349</NumberOfThings>
  <NumberOfAtmospheres>2048</NumberOfAtmospheres>
  <NumberOfAsteriods>0</NumberOfAsteriods>
</WorldMetaData>