<?xml version="1.0" encoding="utf-8"?>
<WorldSettingData xmlns:xsd="http://www.w3.org/2001/XMLSchema" xmlns:xsi="http://www.w3.org/2001/XMLSchema-instance">
  <Name>EkimEuropa1</Name>
  <IsDepreciated>false</IsDepreciated>
  <Description />
  <GameMode>Creative</GameMode>
  <SkyBoxMaterialName>EuropaSky</SkyBoxMaterialName>
  <SunPrefabName>MarsSun</SunPrefabName>
  <MaxSunIntensity>1</MaxSunIntensity>
  <Planets>
    <Prefab>Jupiter</Prefab>
  </Planets>
  <Skybox />
  <PreviewScene>
    <CameraPosition>
      <x>0</x>
      <y>0</y>
      <z>0</z>
    </CameraPosition>
    <CameraRotation>
      <x>327.15</x>
      <y>180.42</y>
      <z>358.823</z>
    </CameraRotation>
    <SunRotation>
      <x>1.452</x>
      <y>72.321</y>
      <z>271.319</z>
    </SunRotation>
    <AtmosphericScattering>false</AtmosphericScattering>
    <LensFlare>true</LensFlare>
    <LensFlareIntensity>0</LensFlareIntensity>
    <SkyBoxMaterial>Starfield Skybox</SkyBoxMaterial>
    <Prefabs>
      <Prefab>
        <Name>UIJupiter</Name>
        <Position>
          <x>75.277</x>
          <y>459.302</y>
          <z>-756.989</z>
        </Position>
        <Rotation>
          <x>22.49</x>
          <y>335.6</y>
          <z>0</z>
        </Rotation>
        <Scale>
          <x>314.245</x>
          <y>314.244</y>
          <z>314.245</z>
        </Scale>
      </Prefab>
      <Prefab>
        <Name>Europa</Name>
        <Position>
          <x>-96.923</x>
          <y>185.102</y>
          <z>-377.209</z>
        </Position>
        <Rotation>
          <x>71</x>
          <y>130</y>
          <z>54.858</z>
        </Rotation>
        <Scale>
          <x>1.905</x>
          <y>1.905</y>
          <z>1.905</z>
        </Scale>
      </Prefab>
      <Prefab>
        <Name>MiscPlanet</Name>
        <Position>
          <x>243</x>
          <y>582</y>
          <z>-473</z>
        </Position>
        <Rotation>
          <x>71</x>
          <y>203.764</y>
          <z>54.858</z>
        </Rotation>
        <Scale>
          <x>9.841</x>
          <y>9.841</y>
          <z>9.841</z>
        </Scale>
      </Prefab>
      <Prefab>
        <Name>MiscPlanet</Name>
        <Position>
          <x>-161.723</x>
          <y>693.302</y>
          <z>-593.209</z>
        </Position>
        <Rotation>
          <x>71</x>
          <y>203.764</y>
          <z>54.858</z>
        </Rotation>
        <Scale>
          <x>26.045</x>
          <y>26.045</y>
          <z>26.045</z>
        </Scale>
      </Prefab>
      <Prefab>
        <Name>Blackhole</Name>
        <Position>
          <x>-394.723</x>
          <y>706.302</y>
          <z>-588.209</z>
        </Position>
        <Rotation>
          <x>350.677</x>
          <y>312.873</y>
          <z>284.651</z>
        </Rotation>
        <Scale>
          <x>3</x>
          <y>3</y>
          <z>3</z>
        </Scale>
      </Prefab>
    </Prefabs>
  </PreviewScene>
  <TerrainPrefabName>TerrainEuropa</TerrainPrefabName>
  <Gravity>-1.3</Gravity>
  <TimeOfDay>0</TimeOfDay>
  <SizeOfWorld>10</SizeOfWorld>
  <WorldOreDensity>0.001</WorldOreDensity>
  <NumberOfCratersPerRegion>0</NumberOfCratersPerRegion>
  <NumberOfRegions>0</NumberOfRegions>
  <SizeOfCraterRegions>0</SizeOfCraterRegions>
  <BedrockLevel>-40</BedrockLevel>
  <LavaLevel>0</LavaLevel>
  <HasLava>false</HasLava>
  <Kelvin>
    <keys>
      <Keyframe>
        <time>0</time>
        <value>123.7</value>
        <inTangent>0</inTangent>
        <outTangent>0</outTangent>
        <inWeight>0.333333343</inWeight>
        <outWeight>0.333333343</outWeight>
        <weightedMode>None</weightedMode>
      </Keyframe>
      <Keyframe>
        <time>0.25</time>
        <value>133.7</value>
        <inTangent>0</inTangent>
        <outTangent>0</outTangent>
        <inWeight>0.333333343</inWeight>
        <outWeight>0.333333343</outWeight>
        <weightedMode>None</weightedMode>
      </Keyframe>
      <Keyframe>
        <time>0.5</time>
        <value>123.7</value>
        <inTangent>0</inTangent>
        <outTangent>0</outTangent>
        <inWeight>0.333333343</inWeight>
        <outWeight>0.333333343</outWeight>
        <weightedMode>None</weightedMode>
      </Keyframe>
      <Keyframe>
        <time>0.75</time>
        <value>123.7</value>
        <inTangent>0</inTangent>
        <outTangent>0</outTangent>
        <inWeight>0.333333343</inWeight>
        <outWeight>0.333333343</outWeight>
        <weightedMode>None</weightedMode>
      </Keyframe>
      <Keyframe>
        <time>1</time>
        <value>123.7</value>
        <inTangent>0</inTangent>
        <outTangent>0</outTangent>
        <inWeight>0.333333343</inWeight>
        <outWeight>0.333333343</outWeight>
        <weightedMode>None</weightedMode>
      </Keyframe>
    </keys>
    <preWrapMode>ClampForever</preWrapMode>
    <postWrapMode>ClampForever</postWrapMode>
  </Kelvin>
  <HungerRate>1</HungerRate>
  <StartingCondition>Default</StartingCondition>
  <Seed>-1455693155</Seed>
  <AtmosphericScattering>true</AtmosphericScattering>
  <AtmosphericScatteringData>
    <RayleighColorRampColorKey>
      <GradientColorKey>
        <color>
          <r>0</r>
          <g>1</g>
          <b>0.8682146</b>
          <a>1</a>
        </color>
        <time>0</time>
      </GradientColorKey>
      <GradientColorKey>
        <color>
          <r>0</r>
          <g>0.183055833</g>
          <b>0.6415094</b>
          <a>1</a>
        </color>
        <time>0.555886149</time>
      </GradientColorKey>
      <GradientColorKey>
        <color>
          <r>0</r>
          <g>0.0621836036</g>
          <b>0.216981113</b>
          <a>1</a>
        </color>
        <time>1</time>
      </GradientColorKey>
    </RayleighColorRampColorKey>
    <RayleighColorRampAlphaKey>
      <GradientAlphaKey>
        <alpha>0.2627451</alpha>
        <time>0</time>
      </GradientAlphaKey>
      <GradientAlphaKey>
        <alpha>0.2627451</alpha>
        <time>1</time>
      </GradientAlphaKey>
    </RayleighColorRampAlphaKey>
    <RayleighColorRampMode>Blend</RayleighColorRampMode>
    <WorldRayleighColorIntensity>1</WorldRayleighColorIntensity>
    <WorldRayleighDensity>22.59</WorldRayleighDensity>
    <WorldRayleighExtinctionFactor>30.55</WorldRayleighExtinctionFactor>
    <WorldRayleighIndirectScatter>0</WorldRayleighIndirectScatter>
    <WorldMieColorIntensity>1.3</WorldMieColorIntensity>
    <MieColorRampColorKey>
      <GradientColorKey>
        <color>
          <r>0.86150676</r>
          <g>0.156862736</g>
          <b>0.9764706</b>
          <a>1</a>
        </color>
        <time>0</time>
      </GradientColorKey>
      <GradientColorKey>
        <color>
          <r>0.9764706</r>
          <g>0.156862736</g>
          <b>0.4907703</b>
          <a>1</a>
        </color>
        <time>1</time>
      </GradientColorKey>
    </MieColorRampColorKey>
    <MieColorRampAlphaKey>
      <GradientAlphaKey>
        <alpha>0.2627451</alpha>
        <time>0</time>
      </GradientAlphaKey>
      <GradientAlphaKey>
        <alpha>0.2627451</alpha>
        <time>1</time>
      </GradientAlphaKey>
    </MieColorRampAlphaKey>
    <MieColorRampMode>Blend</MieColorRampMode>
    <WorldMieDensity>1</WorldMieDensity>
    <WorldMieExtinctionFactor>1</WorldMieExtinctionFactor>
    <WorldMiePhaseAnisotropy>0.5</WorldMiePhaseAnisotropy>
    <WorldNearScatterPush>41.1</WorldNearScatterPush>
    <WorldNormalDistance>1</WorldNormalDistance>
    <HeightRayleighColor>
      <r>0</r>
      <g>0.6032343</g>
      <b>1</b>
      <a>1</a>
    </HeightRayleighColor>
    <HeightRayleighIntensity>1</HeightRayleighIntensity>
    <HeightRayleighDensity>13.5</HeightRayleighDensity>
    <HeightMieDensity>150.19</HeightMieDensity>
    <HeightExtinctionFactor>0</HeightExtinctionFactor>
    <HeightSeaLevel>250</HeightSeaLevel>
    <HeightDistance>199.1</HeightDistance>
    <HeightPlaneShift>
      <x>0</x>
      <y>0</y>
      <z>0</z>
    </HeightPlaneShift>
    <HeightNearScatterPush>19.46</HeightNearScatterPush>
    <HeightNormalDistance>1</HeightNormalDistance>
    <UseOcclusion>false</UseOcclusion>
    <OcclusionBias>0</OcclusionBias>
    <OcclusionBiasIndirect>0.8</OcclusionBiasIndirect>
    <OcclusionBiasClouds>0.1</OcclusionBiasClouds>
    <OcclusionDownscale>x2</OcclusionDownscale>
    <OcclusionSamples>x64</OcclusionSamples>
    <OcclusionDepthFixup>true</OcclusionDepthFixup>
    <OcclusionDepthThreshold>25</OcclusionDepthThreshold>
    <OcclusionFullSky>false</OcclusionFullSky>
    <OcclusionBiasSkyRayleigh>0.2</OcclusionBiasSkyRayleigh>
    <OcclusionBiasSkyMie>0.4</OcclusionBiasSkyMie>
    <WorldScaleExponent>1</WorldScaleExponent>
    <ForcePerPixel>false</ForcePerPixel>
    <ForcePostEffect>false</ForcePostEffect>
  </AtmosphericScatteringData>
  <AmbientLightMin>0</AmbientLightMin>
  <AmbientLightMax>1</AmbientLightMax>
  <AmbientSkyColor>
    <r>0.1419766</r>
    <g>0.1606386</g>
    <b>0.1911765</b>
    <a>1</a>
  </AmbientSkyColor>
  <AmbientEquatorColor>
    <r>0.08953287</r>
    <g>0.1199499</g>
    <b>0.1323529</b>
    <a>1</a>
  </AmbientEquatorColor>
  <AmbientGroundColor>
    <r>0.02941179</r>
    <g>0.02941179</g>
    <b>0.02941179</b>
    <a>1</a>
  </AmbientGroundColor>
  <SetSunInSkybox>false</SetSunInSkybox>
  <Stars>
    <Min>0.5</Min>
  </Stars>
  <NoTerrainLod>false</NoTerrainLod>
  <SizeOfTerrainLodQuads>3</SizeOfTerrainLodQuads>
  <WidthOfTerrainLodPlane>90</WidthOfTerrainLodPlane>
  <LengthOfTerrainLodPlane>90</LengthOfTerrainLodPlane>
  <TerrainLodColor>
    <r>0.8207547</r>
    <g>0.9103774</g>
    <b>1</b>
    <a>1</a>
  </TerrainLodColor>
  <AlphaCutoutDistance>10</AlphaCutoutDistance>
  <Clouds>-1</Clouds>
  <CustomTerrainColor>
    <r>1</r>
    <g>1</g>
    <b>1</b>
    <a>1</a>
  </CustomTerrainColor>
  <HasCustomTerrain>false</HasCustomTerrain>
  <HasCustomTerrainColor>false</HasCustomTerrainColor>
  <LavaColor>
    <r>0.6509434</r>
    <g>0.279085875</g>
    <b>0.119748987</b>
    <a>1</a>
  </LavaColor>
  <HasCustomLavaColor>false</HasCustomLavaColor>
  <AmbienceSound>Europa2</AmbienceSound>
  <SolarScale>0.42</SolarScale>
  <SolarEclipticAngle>32</SolarEclipticAngle>
  <TerrainGenerationFeatureSettings>
    <isEnabled>false</isEnabled>
    <BigTileSize>0</BigTileSize>
    <GridSize>0</GridSize>
    <CustomFeatureVoxel />
    <CustomFeatureIncident />
  </TerrainGenerationFeatureSettings>
  <WeatherEvent>
    <PrefabName>WeatherSnowStorm</PrefabName>
    <WeatherMinimumStartTime>120</WeatherMinimumStartTime>
    <WeatherMaximumStartTime>900</WeatherMaximumStartTime>
    <WeatherMinimumDuration>120</WeatherMinimumDuration>
    <WeatherMaximumDuration>600</WeatherMaximumDuration>
    <WeatherMinimumCooldownDuration>3</WeatherMinimumCooldownDuration>
    <WeatherMaximumCooldownDuration>12</WeatherMaximumCooldownDuration>
    <WeatherWorldStartCooldownDuration>7</WeatherWorldStartCooldownDuration>
    <FogColor>
      <r>0.8207547</r>
      <g>0.9103774</g>
      <b>1</b>
      <a>1</a>
    </FogColor>
    <WeatherKelvin>
      <keys>
        <Keyframe>
          <time>0</time>
          <value>100</value>
          <inTangent>0</inTangent>
          <outTangent>0</outTangent>
          <inWeight>0.333333343</inWeight>
          <outWeight>0.333333343</outWeight>
          <weightedMode>None</weightedMode>
        </Keyframe>
        <Keyframe>
          <time>0.25</time>
          <value>105</value>
          <inTangent>0</inTangent>
          <outTangent>0</outTangent>
          <inWeight>0.333333343</inWeight>
          <outWeight>0.333333343</outWeight>
          <weightedMode>None</weightedMode>
        </Keyframe>
        <Keyframe>
          <time>0.5</time>
          <value>100</value>
          <inTangent>0</inTangent>
          <outTangent>0</outTangent>
          <inWeight>0.333333343</inWeight>
          <outWeight>0.333333343</outWeight>
          <weightedMode>None</weightedMode>
        </Keyframe>
        <Keyframe>
          <time>0.75</time>
          <value>100</value>
          <inTangent>0</inTangent>
          <outTangent>0</outTangent>
          <inWeight>0.333333343</inWeight>
          <outWeight>0.333333343</outWeight>
          <weightedMode>None</weightedMode>
        </Keyframe>
        <Keyframe>
          <time>0.9963379</time>
          <value>100</value>
          <inTangent>0</inTangent>
          <outTangent>0</outTangent>
          <inWeight>0.333333343</inWeight>
          <outWeight>0.333333343</outWeight>
          <weightedMode>None</weightedMode>
        </Keyframe>
      </keys>
      <preWrapMode>ClampForever</preWrapMode>
      <postWrapMode>ClampForever</postWrapMode>
    </WeatherKelvin>
  </WeatherEvent>
  <Clutter>
    <ClutterXmlData>
      <PrefabName>RockEuropa</PrefabName>
      <MinScale>0.6</MinScale>
      <MaxScale>1</MaxScale>
      <Weighting>10</Weighting>
      <MaxAngle>40</MaxAngle>
      <Probability>0.02</Probability>
      <MaxRotationAngle>
        <x>0</x>
        <y>0</y>
        <z>0</z>
      </MaxRotationAngle>
    </ClutterXmlData>
  </Clutter>
  <AtmosphereComposition>
    <SpawnGas>
      <Type>Oxygen</Type>
      <Quantity>340</Quantity>
    </SpawnGas>
  </AtmosphereComposition>
  <TerrainGenerationFeatures>
    <Feature>Custom</Feature>
  </TerrainGenerationFeatures>
  <CustomTerrainParameters>
    <Parameter>
      <TwoDimensions>true</TwoDimensions>
      <Frequency>0.01</Frequency>
      <Amplitude>3</Amplitude>
      <Size>4</Size>
    </Parameter>
    <Parameter>
      <TwoDimensions>true</TwoDimensions>
      <Frequency>0.01</Frequency>
      <Amplitude>5</Amplitude>
      <Size>4</Size>
    </Parameter>
    <Parameter>
      <TwoDimensions>true</TwoDimensions>
      <Frequency>0.01</Frequency>
      <Amplitude>2</Amplitude>
      <Size>4</Size>
    </Parameter>
    <Parameter>
      <TwoDimensions>true</TwoDimensions>
      <Frequency>0.1</Frequency>
      <Amplitude>2</Amplitude>
      <Size>4</Size>
    </Parameter>
    <Parameter>
      <TwoDimensions>true</TwoDimensions>
      <Frequency>0.3</Frequency>
      <Amplitude>1.5</Amplitude>
      <Size>4</Size>
    </Parameter>
    <Parameter>
      <TwoDimensions>false</TwoDimensions>
      <Frequency>0.1</Frequency>
      <Amplitude>1</Amplitude>
      <Size>4</Size>
    </Parameter>
    <Parameter>
      <TwoDimensions>true</TwoDimensions>
      <Frequency>0.01</Frequency>
      <Amplitude>2.5</Amplitude>
      <Size>3</Size>
    </Parameter>
    <Parameter>
      <TwoDimensions>true</TwoDimensions>
      <Frequency>0.05</Frequency>
      <Amplitude>3.5</Amplitude>
      <Size>4</Size>
    </Parameter>
  </CustomTerrainParameters>
  <MineablesOverride />
  <TraderFrequencyOverride />
</WorldSettingData>